Day	Start Time	End Time	Room	Genra	Panel Title	Panel Description	Panel participants
Thu	02:00:00 PM	03:00:00 PM	A4	Creators	Guests of Honor Photocall	CVG Guests of Honor Photography Session, not open to con-goers.	Trace Beaulieu, Christian Colquhoun, Larry Dixon, Daren Dochterman, Mark Evanier, Kenneth Hite, Dr. Jim Kakalios, Perrin Klumpp, Harry Knowles, Jay Knowles, John Kovalic, Mercedes Lackey, Bridget Landry, Peter Mayhew, Robert Meyer Burnett, Andrew Probert, Video Team, Vincent Truitner, Peter Verrant, David Weber, Len Wein, Greg Weisman, Wally Wingert, Marv Wolfman, Bernie Wrightson
Thu	03:30:00 PM	04:30:00 PM	101	Gaming	How to Play Matrix Tag	Do you have what it takes to help Neo win the war for Zion ? Or will you support Agent Smith in his quest to subjugate the humans? In Matrix Tag, two teams vie for power over the fate of the human race. Players choose the roles of Agent Smith, Neo, Morpheus, Trinity, Agent and Zionist. Any number of people can play, joining in and leaving at any time. Players are free to attend other programming during the Convention, as they seek out Agents and Zionists and gain strength for their team.	Jack Barker, Shannon Green, Rich Miller
Thu	03:30:00 PM	04:30:00 PM	A3	Comics	Futuretech, Comic Style	How are future technologies depicted in comics, manga and animation? Let's talk about spacecraft propulsion systems, computing, robotics, off-world habitats, AI, and other related subjects.	David Buth, Seth Eden, Ben Huset, Jonathan Palmer, Anna Waltz
Thu	03:30:00 PM	04:30:00 PM	A4	HotDish	CONvergence 101: Surviving a Four-Day Weekend	As we head into our tenth year with a bonus extra day, this panel is a must for new attendees. Come and learn where and when the cool stuff is and how to get the most from your weekend at CONvergence!	Dave Benhart, Jay Curry, Michael Lee, Jen Manna
Thu	03:30:00 PM	04:30:00 PM	A6	Lit	City as Character	New Crobuzon, Gotham City, The Sprawl, Newford, even Minneapolis in War for the Oaks. What authors use their cities in the most interesting ways? How does the city contribute to the story?	Paula Fleming, Cabell Gathman, Kenneth Hite, Philip Kaveny, John Shea, Karl Wolff
Thu	03:30:00 PM	04:30:00 PM	Edina	TV	Return of The Satellite of Love?	With so many Mystery Science Theatre 3000 related off-shoots out there (RiffTrax, The Film Crew, Cinematic Titanic), it can be hard to follow the latest developments. Come discuss your favorite new ventures and riffs.	Nick Larson, Steven Manfred, David Margosian
Thu	05:00:00 PM	06:00:00 PM	101	Gaming	How to Play the Steam Century Mystery LARP	The Steam Century Mystery LARP is a multifaceted game that combines elements of live action roleplaying and crime dramas. Players follow a trail of clues by investigating rooms, speaking to costumed characters and playing games of skill. Players sign up at game registration and attend a 30 minute orientation which explains the world of Steam Century and how to interact with props and characters. Game play takes place over a set period of time, but is designed to be played intermittently. Players are encouraged to take part in other con activities during the game. Characters and clues can be found throughout the con.	Jack Barker, Shannon Green, Rich Miller
Thu	05:00:00 PM	06:00:00 PM	A2	Gaming	D&D: 4th Edition	How is the 4th edition of Dungeons and Dragons holding up? Metal detectors will be provided at the door for your protection.	Jeff Hagen, Kenneth Hite, Rob Johnson, Troy Small
Thu	05:00:00 PM	06:00:00 PM	A3	TV	Spectacular Spiderman	Discuss this new animated take on an old classic superhero and meet the executive producer of the series.	Greg Weisman
Thu	05:00:00 PM	06:00:00 PM	A4	HotDish	Otaku: Your Wacky Anime Neighbors	Are you wondering what Anime is all about? Curious whether there is any difference between a cos-play and a masquerade? Want to learn about Anime Conventions? Then this is the panel for you.	Jessi Silver, Jo Thomsen, Matt Weinberg
Thu	05:00:00 PM	06:00:00 PM	A6	Lit	Emergent Genres And Movements	A discussion of The New Weird, Mundane Science Fiction, Space-Westerns, and other current movements in the field.	Rob Callahan, Matthew Lee Davis, Damian Sheridan, Karl Wolff
Thu	05:00:00 PM	06:00:00 PM	A7	Science	Ecology of Monsters	Hypothesize about how an ecological system would fare if the world were overrun by zombies, monsters, and other creatures of the night.	Craig Finseth, Melissa Kaercher, Taylor Kent, Chris Pasquarette, Ellie Younger
Thu	05:00:00 PM	06:00:00 PM	A8	Lit	Fanzines Invented the Internet	Everything anyone does online today was basically invented by fans in zines and apas well before most people even had even heard of a personal computer. We'll also look at some zines from 1999 and illustrate how things have changed since then.	Holly Day, David Emerson, Scott K. Jamison, Greg Prickman, David E. Romm, Joan Marie Verba
Thu	05:00:00 PM	06:00:00 PM	Bloom	Movies	1.18.08: Marketing of a Film	Let's look back at some of the best and worst marketing campaigns in the history of the film industry. Share your ideas for future film marketing.	Romeo Azar, Jay Knowles, Troy LaFaye, Robert Meyer Burnett, Dan Wallace
Thu	05:00:00 PM	06:00:00 PM	Edina	TV	Doctor Who by Decade: The Sixties	Covering the 1960's era Dr. Who, this is the first in a series of four panels exploring the rich and varied history of the classic British science-fiction series, focusing on the Hartnell and Troughton eras.	Ben Ellis, Steven Manfred, Charlie Paulsen, Michael Scott Shappe, Michael D. Thomas
Thu	05:00:00 PM	06:00:00 PM	Kr	Lit	Where Do You Start?	What is the initial genesis or kernel idea of a book? Do you start with a character? A world? A cool scene? A plot?	Joel Arnold, Dana M. Baird, Garnet Gyre, Michael Merriam, Doug Texter
Thu	05:00:00 PM	06:00:00 PM	Sign	Auto	Signing John & Peter	Signing/Autographing	John Kovalic, Peter Mayhew
Thu	06:00:00 PM	07:00:00 PM	MnStg	MainStg	Mark Time Awards	Mark Time Awards, starts at 6 PM?. The Mark Time Award is given each year to honor the Best Science Fiction Audio Production on the Planet. And the Ogle Award for Best Fantasy Audio Production of the Year.	Windy Bowlsby, Jerry Stearns, Tim Wick, Wally Wingert
Thu	07:00:00 PM	08:00:00 PM	MnStg	MainStg	Opening Ceremonies	Opening Ceremonies	Trace Beaulieu, Windy Bowlsby, Christian Colquhoun, Larry Dixon, Daren Dochterman, Mark Evanier, Kenneth Hite, ASL Interpreter, Christopher Jones, Dr. Jim Kakalios, Perrin Klumpp, Harry Knowles, Jay Knowles, John Kovalic, Mercedes Lackey, Bridget Landry, Peter Mayhew, Robert Meyer Burnett, Andrew Probert, Jeremy Stomberg, Video Team, Vincent Truitner, David Weber, Len Wein, Greg Weisman, Pat Wick, Tim Wick, Ishmael Williams, Wally Wingert, Marv Wolfman, Bernie Wrightson
Thu	08:00:00 PM	09:00:00 PM	101	Proj	Build Your Own Monster	Develop, design, and build your own terrifying monster out of various supplies.	Terry Faust
Thu	08:00:00 PM	09:00:00 PM	A2	Gaming	Video Game Blogs and Podcasts	There are so many video game blogs and podcasts out there, including Kotaku, Joystiq, 1-Up, Retronauts, and many others. What are your favorites for gaming news and which are some to avoid?	Matt Everhart, Tara Nelson, Tim Wilsie
Thu	08:00:00 PM	09:00:00 PM	A3	Comics	Censorship in Comics - The Past and Future	The landscape has changed drastically since the Comics Code Authority was established in 1954. Most publishers don't even submit for CCA approval anymore. How has this impacted the way stories are told and what part did the Comic Book Legal Defense Fund play in the matter?	Britt Aamodt, Terry Beatty, Mark Evanier, Damian Sheridan, Video Team, Tim Uren, Bernie Wrightson
Thu	08:00:00 PM	09:00:00 PM	A4	HotDish	Closet Geeks... Come Out, Come Out Wherever You Are!	When did you realized you were a geek? Are you considering stepping out of the geek closet? If you told people you were going to be 'out of town this weekend,' then this panel is for you!	Michael Beitscher, Rob Callahan, Paul Harmeyer, Sarah Hertz, Taylor Kent, Pete Lane
Thu	08:00:00 PM	09:00:00 PM	A6	Lit	6 Impossible Things Before Breakfast	Highly improbable, unlikely andYou Must Be Joking! usage of swords, firearms and other weaponry in science fiction and fantasy. Let's talk about the best and the worst.	Catherine Lundoff, Rebecca Marjesdatter
Thu	08:00:00 PM	09:00:00 PM	Bloom	Movies	Dream Cast	No, this isn't about the Sega video game console. If you could sit in the casting chair, who would you cast in upcoming movies and why? If you could rewind the clock, who would you re-cast?	Ed Eastman, David Margosian
Thu	08:00:00 PM	09:00:00 PM	Edina	TV	Star Trek: The New Voyages and Beyond	Star Trek is back in the hands of its fans again. Let's discuss the direction the fans are taking this beloved property. Some productions even include members of the original casts.	Romeo Azar, Steve Erickson, Rob Johnson, George Richard, Gordon Smuder
Thu	08:00:00 PM	11:59:00 PM	Kr	HotDish	Krushenko's Silver Edition Party	Krushenko's opened at Minicon 1983. Come and celebrate the past, present, and future of this speculative fiction salon. Party runs until midnight.	Eric M. Heideman
Thu	09:30:00 PM	10:30:00 PM	101	Gaming	Matrix Tag (All Ages)	Do you have what it takes to help Neo win the war for Zion ? Or will you support Agent Smith in his quest to subjugate the humans? In Matrix Tag, two teams vie for power over the fate of the human race. Players choose the roles of Agent Smith, Neo, Morpheus, Trinity, Agent and Zionist. Any number of people can play, joining in and leaving at any time. Players are free to attend other programming during the Convention, as they seek out Agents and Zionists and gain strength for their team.	Jack Barker, Shannon Green, Rich Miller
Thu	09:30:00 PM	10:30:00 PM	A2	Gaming	Not all Munchkins Live in Oz	Collectable Card Games are still going strong and there's more CCG's out there besides Magic: The Gathering and Pokemon. What are some of your favorites and which ones should you leave on the shelves?	Matthew Lee Davis, Nate French, Pete Lane, Morgan Stana, Bob Wagner
Thu	09:30:00 PM	10:30:00 PM	A3	Arts	Songwriting and Filking	In addition to her numerous novels, Mercedes Lackey is an accomplished song-writer. Come and learn about her abilities in music composition as well as the local filking scene.	Justin Hartley, Beth Kinderman, Mercedes Lackey, Amanda Newman, Laramie Sasseville, Dave Stagner
Thu	09:30:00 PM	10:30:00 PM	A4	HotDish	Smackdown Panel - Cereal Mascot Smackdown	Many will enter but only one will win. Watch out for that Captain Crunch - he's sneaky and vicious and cuts the roof of your mouth!	Mark Evanier, Kelvin Hatle, Kenneth Hite, ASL Interpreter, Christopher Jones, Melissa Kaercher, Joe Scrimshaw, Video Team, Tim Uren, Tim Wick
Thu	09:30:00 PM	10:30:00 PM	A6	Lit	GLBT SF&F that Everyone Should Read	For over six years, the North Country Gaylaxians have been meeting monthly to discuss SF&F books with GLBT connections. In that time we have come across books that we would not recommend and those we think are gems. In this panel, we will discuss those books that we have found to be especially good and would recommend to all audiences.	Joe Agee, Bob Alberti, Andrew Berthke, Don Kaiser, Claudia Slovacek, Jason Tucker
Thu	09:30:00 PM	10:30:00 PM	A8	HotDish	History of Local Twin Cities Fandom	While this may be CONvergence's 10th anniversary, the history of local fandom extends much further back. Come with us as we see just how deep the rabbit hole goes.	David Emerson, Virginia Jensen, Philip Kaveny, David E. Romm, Video Team
Thu	09:30:00 PM	10:30:00 PM	Bloom	Movies	What are the Most Influential Sci-Fi Films of All Time?	2001, Star Wars, Star Trek: The Motion Picture, Independence Day, Blade Runner, The Day the Earth Stood Still, Forbidden Planet, Close Encounters of the Third Kind, The Black Hole, Tron, Terminator, Alien, Battle Beyond the Stars, and others. You decide.	Christian Colquhoun, Rob Johnson, Robert Meyer Burnett, Chuck Waibel, Dan Wallace
Thu	09:30:00 PM	10:30:00 PM	Edina	TV	Supernatural: The Panel	Are you a fan of Supernatural? Do you call it theDean Show? Why do you watch Supernatural and why should the rest of us give it a chance?	Holly Johnson, Mara Kapp, Teresa Kramer, Jo Thomsen, Matt Weinberg
Thu	09:30:00 PM	10:30:00 PM	LL	Lit	Evening Reading with Larry	Join Larry Dixon for an intimate reading in the Dorian Gray Memorial Literary Lounge	Larry Dixon
Thu	09:30:00 PM	10:30:00 PM	P1	AV	Design Workshop	Andrew Probert has served as a production designer for Star Trek, Battlestar Galactica and Airwolf. Learn about how designs take shape in this interactive workshop.	Andrew Probert
Thu	11:00:00 PM	11:59:00 PM	A2	Gaming	Loving the Loathing	Do you play Kingdom of Loathing online? If not, you are missing out. Grab some meat and join us!	Tamyra DeWandeler, Melissa Kaercher, Jen Manna, David E. Romm
Thu	11:00:00 PM	11:59:00 PM	A4	HotDish	Match Game '08	Following the Smackdown panel, join a crazy group as we recreate this 1970's classic gameshow. Panel starts at 11:30 PM.	Crist Ballas, Kelvin Hatle, Charles Hubbell, Melissa Anne Murphy, Jen Scott, Joe Scrimshaw, Gordon Smuder, Jeremy Stomberg, Len Wein
Thu	11:00:00 PM	11:59:00 PM	A6	Lit	Slash-Fiction	From it's humble beginnings in photocopied 'zines to the explosion of the Internet Age, this is your place to discuss all thingsslash (typically male/male and female/female trysts or relationships). What's good, what's bad, and what's OMGz?	Garnet Gyre, Revolutionary Jo, Mara Kapp, Rebecca Marjesdatter, Black Squirrel
Thu	11:00:00 PM	11:59:00 PM	A7	Science	Backyard Astronomy	What are some great places to stargaze near the Twin Cities that are isolated enough to avoid light pollution? If you are a budding astronomer, what sort of equipment should you invest in? If the sky is clear, we may head outside for a quick celestial overview at the end of the panel.	Ben Huset, Rachel Kronick
Thu	11:00:00 PM	11:59:00 PM	A8	HotDish	Band Geeks!	Did you play an instrument in middle school or high school? Do you still play today? If you have kids, do you encourage musical instrument use for them? Come and share your band geek memories!	Joel Arnold, David Emerson, Marie Hulslander, Katie Nelson, Tracie Peters
Thu	11:00:00 PM	11:59:00 PM	Bloom	Movies	Fantasy in Chinese Martial Arts Films	Join Jose' Figueroa as he reviews how the Wuxia style of martial arts has grown in Hong Kong Cinema over the years and became Hollywood mainstream thanks to director's like Ang Lee. Wuxia can best be described as chivalric fiction mixed with Chinese swords, sorcery, and martial arts. Come and learn more about this exciting genre of film!	Jose' Figueroa
Thu	11:00:00 PM	11:59:00 PM	Edina	TV	Paranormal Investigation as TV Journalism	Ghost Hunters, Most Haunted, and two different UFO Hunters have graced our screens in the last few years. What is the continued popularity of these shows and are there any areas of the paranormal that haven't been tapped for an investigative series? Are there any local hot-spots to check out?	Romeo Azar, Michael Beitscher, Pete Lane
Thu	11:00:00 PM	11:59:00 PM	LL	Lit	Thursday Night Bedtime Stories with the 'Pods	Escape Pod, Pseudo Pod, and Pod Castle ... three weekly audio casts from the Escape Artists! Come and listen to a bed-time story with some of the latest and greatest of these audio giants of Science Fiction, Horror, and Fantasy! Join us on the 22nd floor in 2201 for back-to-back stories of speculation, fantasy, and fun. Wear your fluffy bunny slippers and bathrobe, if you like ... just come prepared to listen to some really great tales of modern SF!	Dave Rust
Fri	09:30:00 AM	10:30:00 AM	101	Proj	Flip-Book Animation	Learn the basics of 2-D animation by creating your own flip book.	Matt Waterhouse
Fri	09:30:00 AM	10:30:00 AM	A2	Gaming	Casual vs. Hardcore	Are you a casual gamer that loves Wii Sports? Or a Hardcore gamer who loves Bioshock and Gears of War? Are the two groups mutually exclusive or is there room for some overlap? Can someone transition from one group to the other?	Matt Everhart, Nessa Fedde, Jen Manna, Matt Savelkoul, Jeremy Stomberg
Fri	09:30:00 AM	10:30:00 AM	A3	Comics	History of Manga	Learn about the history of Japanese comic books and how they continue to influence Western comics and other varieties of entertainment today.	Melissa Erdman, Melissa Gregory, Scott K. Jamison
Fri	09:30:00 AM	10:30:00 AM	A4	HotDish	TheGeek as an Ensemble Character	Wesley. Hiro. Chuck. Hurley. Willow. They are all geeks. Is it now a staple of ensemble series, books, or movies to include a geek or nerd character? How do we feel about this increased representation? What is stereotypical and what do the writers get right?	Eve Cain, Cabell Gathman, Marguerite Krause, Michael D. Thomas
Fri	09:30:00 AM	10:30:00 AM	A6	Lit	Influence of Joseph Campbell	The mythological story structure of Joseph Campbell has influenced science fiction and fantasy writing. His book,The Hero with a Thousand Faces and his Bill Moyers video series have revolutionized our knowledge of the mythological story structure. Come and share your observations!	Dana M. Baird, David Emerson, Garnet Gyre, John Shea, Chuck Waibel
Fri	09:30:00 AM	10:30:00 AM	A8	HotDish	Growing Up Geek	What is it like growing up as a geek? Is there a greater acceptance of geek and nerd culture nowadays? (teen and tween panelists encouraged)	Tabitha Anderson, Mariah Fryer, Pete Lane, Joan Marquez, Alyssia Rayl
Fri	09:30:00 AM	10:30:00 AM	Edina	TV	Thunderbirds are Go!	Granada Ventures has authorized a new Thunderbirds series. Come celebrate the classic supermarionation series and learn about what's in store for our heroes.	Ed Eastman, Joan Marie Verba
Fri	09:30:00 AM	10:30:00 AM	LL	Lit	Morning Reading with Mercedes	Join Mercedes Lackey for an intimate reading in the Dorian Gray Memorial Literary Lounge	Mercedes Lackey
Fri	09:30:00 AM	10:30:00 AM	P1	AV	Mechanics of an Image 101: Why Does It Work	There are many images in science-fiction and fantasy that are callediconic because they are so striking when they are seen for the first time. Why does this happen? How are elements of the image (such as color, line quality, and gesture) used to create a striking effect? Who are the mystery people behind your favorite posters, book covers, and gaming art, and why are their images so great? Artists and art appreciators alike are welcome to the discussion.	Larry Dixon, Melissa Kaercher, Philip Kaveny, Chris Pasquarette
Fri	11:00:00 AM	12:00:00 PM	101	Proj	Facepainting and Hairbraiding	Get something fun and geeky on your face while getting your hair braided.	Melissa Kaercher, Jim Shields, Laine Worth
Fri	11:00:00 AM	12:00:00 PM	A2	Gaming	Homophobia and Racism in Online Gaming - It's sad but true	there are many bigots hiding behind the anonymity of a screen-name out there on services like World of Warcraft and X-Box Live. What do you do when you hear offensive remarks and what steps can you take to avoid and report instances when you hear them? On the flip-side, are people overreacting or assuming things?	Becca Armstrong, Cabell Gathman, Paul Harmeyer, Colleen Palmer
Fri	11:00:00 AM	12:00:00 PM	A3	Comics	Titan Tower under Crisis!	Marv Wolfman created the New Teen Titans and spearheaded the DC epic Crisis on Infinite Earths (the aftershocks of which are still being felt nearly 25 years later). Join him for an informative Q&A.	Marv Wolfman
Fri	11:00:00 AM	12:00:00 PM	A4	HotDish	Secret Origins of CONvergence	How did CONvergence come about? Whatever happened to the OmegaMan? Could CONvergence have been called MacroCon? Come and learn what CONvergence could have looked like in an alternate universe!	Windy Bowlsby, Christopher Jones, Perrin Klumpp, Jeremy Stomberg, Video Team, Pat Wick, Tim Wick, Ishmael Williams
Fri	11:00:00 AM	12:00:00 PM	A6	Lit	If you walk through the cave entrance, turn to page 27.	The late 70's and early 80's saw a huge surge in popular solo role-playing novels like Choose Your Own Adventure, Which Way, and many based on table-top RPG's. Learn about new CYOA books and interactive DVDs being published and share your favorites from the past.	Rachel Kronick, Matt Savelkoul, Emily Stewart
Fri	11:00:00 AM	12:00:00 PM	A8	HotDish	Copyright: Ethics in Action?	Copyright affects us all, especially internet users. What's fair-game versus out-and-out breaking of the law? Has Congress extended copyright too many times? Shouldn't Mickey Mouse and Superman be in the public domain by now?	Craig Finseth, Stephen J. Miller, Lars Pearson, Dan Wallace
Fri	11:00:00 AM	12:00:00 PM	Bloom	Movies	Land of 10,000 Filmmakers	The local filmmaking scene has exploded in recent years. Hear from people who have gone before you and learn how can you join in and make your own production on a shoestring budget.	Tony Bruno, Jose' Figueroa, Troy LaFaye, Gordon Smuder, Rob Withoff
Fri	11:00:00 AM	12:00:00 PM	Edina	TV	3:10 to Serenity Valley	FromWagon Train to the Stars to Firefly, Bravestarr, and Cowboy Bebop, a number of series mix Western and SF genres, some more successfully than others. Why does this unlikely combination manage to succeed?	Todd C. Hansen, Kenneth Hite, Michael Scott Shappe
Fri	11:00:00 AM	12:00:00 PM	Kr	HotDish	Open Discussion 1	Open Discussion	come and join the geek chat!
Fri	11:00:00 AM	12:00:00 PM	P1	AV	Animation All-Stars	Explore animation trends over time and learn what awaits us in the future of 2D and 3D animation. How has creation and production changed?	Mark Evanier, ASL Interpreter, Video Team, Matt Waterhouse, Greg Weisman, Wally Wingert
Fri	11:00:00 AM	12:00:00 PM	Sign	Auto	Signing Robert & Daren	Signing/Autographing	Daren Dochterman, Robert Meyer Burnett
Fri	12:30:00 PM	01:30:00 PM	101	Gaming	Matrix Tag Special Event	Join the Revolution…or fight it. Do you have what it takes to help Neo win the war for Zion ? Or will you support Agent Smith in his quest to subjugate the humans? In Matrix Tag, two teams vie for power over the fate of the human race. Players choose the roles of Agent Smith, Neo, Morpheus, Trinity, Agent and Zionist. Any number of people can play, joining in and leaving at any time. Players are free to attend other programming during the Convention, as they seek out Agents and Zionists and gain strength for their team.	Jack Barker, Shannon Green, Rich Miller
Fri	12:30:00 PM	01:30:00 PM	A2	Gaming	Etiquette at the Gaming Table	What are some basic do's and don'ts that everyone (including socially challenged geeks) should know?	Paula Fleming, Heather Johnson, Don Kaiser, Rachel Kronick, Stephen J. Miller
Fri	12:30:00 PM	01:30:00 PM	A3	Comics	How Comics Get Made	What does it take to get a comic published? From a kernel of an concept to the finished product on your local comic store shelf, here's an insight into the comic publication industry.	Terry Beatty, Christopher Jones, Lars Pearson, Damian Sheridan, Gordon Smuder
Fri	12:30:00 PM	01:30:00 PM	A4	HotDish	CONvergence 201: One of Us! One of Us!	So you've passed CONvergence 101. Or you are ready to take the plunge and get involved with CONvergence... find out how you can volunteer, become a part of our convention committee, and learn about the behind-the-scenes machinations of the Connie Assembly Factory!	Dave Benhart, Windy Bowlsby, Jay Curry, Michael Lee
Fri	12:30:00 PM	01:30:00 PM	A6	Lit	Shadow Out of Lovecraft	HP Lovecraft was the greatest horror writer of the 20th century. What does that mean for us in the 21st?	Dana M. Baird, Roy C. Booth, Pat Harrigan, Kenneth Hite, Melissa Kaercher, Tim Uren
Fri	12:30:00 PM	01:30:00 PM	A7	Science	Gadget Gossip!	Looking for that perfect cell phone? Wanting to go high-def? Share your opinions and recommendations in thisConsumer Reports style panel.	Craig Finseth, Hank Lederer
Fri	12:30:00 PM	01:30:00 PM	A8	HotDish	How To Be a Geek in the Workplace	What's appropriate and not appropriate in a corporate setting? How can you display your geek pride while keeping other nerdy habits in-check? Is there a glass ceiling for geeks?	Mark Goldberg, Marie Hulslander, Jen Manna, Chris Pasquarette, Tracie Peters
Fri	12:30:00 PM	01:30:00 PM	Bloom	Movies	Globalization of Hollywood	Films don’t have to be made in Hollywood anymore. In addition to filming in different locations across the country and world, pre and post production can happen anywhere. Come learn about this new phenomenon and what goes on in home-studios.	Crist Ballas, Tony Bruno, Christian Colquhoun, Jose' Figueroa, Robert Meyer Burnett, Vincent Truitner, Rob Withoff
Fri	12:30:00 PM	01:30:00 PM	Edina	TV	Anime Essentials 101 akaThe First Hit Is Free!	Thinking about dipping your toes into the worlds of anime fandom? Wondering what 'all the kids are going on about?' Have you been trying to get your friends into this fandom? Join us as we take the first steps into an all-consuming addiction.	Alexandra Howes, Teresa Kramer, Rebecca Marjesdatter, Jo Thomsen, Aaron Vander Giessen, Matt Weinberg
Fri	12:30:00 PM	01:30:00 PM	Kr	HotDish	Open Discussion 2	Open Discussion	come and join the geek chat!
Fri	12:30:00 PM	01:30:00 PM	LL	Lit	Gosh, Golly, Gee Whiz: Days of Rocket Summer	Move over Veronica Mars and remember back to a simpler time with thrilling detective noir stories aimed at boys (and girls) of the 1940's - 60's like Nancy Drew, Brains Benton, The Three Investigators, and The Mad Scientists' Club. Join us for a nostalgic discussion of this genre or discover it for the first time. We promise not to chloroform anyone at the door!	G. David Nordley, Jason Tucker
Fri	12:30:00 PM	01:30:00 PM	P1	AV	Superheroes Do Not Obey the Laws of Physics...	(but they do remember anniversaries!)...Join Doctor Jim for his famous panel discussing the physics of Superheroes using some specially tailored examples made specifically for our convention.	Dr. Jim Kakalios
Fri	12:30:00 PM	01:30:00 PM	Sign	Auto	Signing Mercedes & Larry	Signing/Autographing	Larry Dixon, Mercedes Lackey
Fri	02:00:00 PM	03:00:00 PM	101	Proj	Paper Airplanes	Come and learn to make a variety of paper airplanes. Which ones fly the furthest? Let's test our creations out in the Garden Court!	Angie Anderson, Rachael Salisbury
Fri	02:00:00 PM	03:00:00 PM	A2	Gaming	Whither OGL?	How successful are open gaming licenses? How do companies like Atlas and Fantasy Flight make use of OGL's and is there a case against using them?	Kenneth Hite, Stephen J. Miller
Fri	02:00:00 PM	03:00:00 PM	A3	Comics	Gargoyles: The Continuing Saga	Join guest of honor Greg Weisman as he discusses his popular creation and shares how the story continues thanks to comic books and DVD releases.	Video Team, Greg Weisman
Fri	02:00:00 PM	03:00:00 PM	A4	HotDish	Time Management 101: When Did Relaxing Become Stressful?	If you're like the rest of us, you have a lot of unwatched DVDs sitting around, stacks of comics in theto read pile, books overflowing, and video games collecting dust. Let's come up with a strategy to make some headway into our collections! By this time next year, let's get caught up (or at least closer to where we want to be!)	Joel Arnold, Jay Curry, Taylor Kent, Marguerite Krause, Hilary Moon Murphy
Fri	02:00:00 PM	03:00:00 PM	A6	Lit	The Long View: The Future of the High Fantasy Epic	How do you sustain a story arc over multiple thick volumes? How do you avoid repetition and keep everything coherent? What are some good and bad examples of these epics?	Eve Cain, David Margosian, Karl Wolff
Fri	02:00:00 PM	03:00:00 PM	A7	Science	Where's My Flying Car?	ARoomba hardly qualifies as aRosie the Robot from the Jetsons. Where's the shiny future we were promised back in the Tommorowland of the 1950's?	Seth Chmelik, Hank Lederer, Jennifer Menken, G. David Nordley, Emily Stewart, Dan Wallace
Fri	02:00:00 PM	03:00:00 PM	A8	Arts	Art Show Primer	A guided tour of the art show: where it is, what it is, how to get your art in there, and how to get what you want out legally. Hosted by the all star art show crew!	Charles Piehl
Fri	02:00:00 PM	03:00:00 PM	Bloom	Movies	Which Non-Genre Films Should You See?	The classic CONvergence panel returns... there is a world of film outside typical sci-fi and fantasy fare. Come and get some suggestions to round out your NetFlix queue!	Windy Bowlsby, Todd C. Hansen, Paul Harmeyer, Jason Tucker
Fri	02:00:00 PM	03:00:00 PM	Edina	TV	Lost	Are you still watching Lost? Have you fallen out and want to get back in? Are they off the island yet? Speculate as to what you think will happen next and fill in people who've been away.	Alexandra Howes, Michael Lee, Derek Mahr, Erica Schaub
Fri	02:00:00 PM	03:00:00 PM	Kr	HotDish	Hulk Panel is Best One at Con!	Puny humans think to harm Hulk. Even Banner betray Hulk. But Hulk will smash! The madder Hulk is, the stronger Hulk gets. Hulk is the strongest one there is!	Eric M. Heideman, Jonathan Palmer
Fri	02:00:00 PM	03:00:00 PM	LL	Lit	Dana M. Baird Reading	Join Dana M. Baird for a reading from one of her works.	Dana M. Baird
Fri	02:00:00 PM	03:00:00 PM	P1	AV	Theremin Through the Future!.	Is the Theremin the last great futuristic instrument? What are some examples of other ground-breaking musical instruments and technological innovations in the last century?	Holly Day, Scott Keever, Caly McMorrow
Fri	02:00:00 PM	03:00:00 PM	Sign	Auto	Signing w/Trace	Signing/Autographing	Trace Beaulieu
Fri	03:30:00 PM	04:30:00 PM	101	Proj	Make Your Own Voodoo Doll	You know you want to...muah ha ha! We provide most of the material, you provide the nemesis.	Angie Anderson, Charlotte Nickerson
Fri	03:30:00 PM	04:30:00 PM	A2	Gaming	Webkinz World	Webkinz are stuffed animals that come with an 8-character code which allow you toadopt your pet into the virtual Webkinz World. Come and learn about this MMORPG for children and adults alike that features an interactive safe environment with its own economy. Share any concerns you have about this phenomenon sweeping elementary schools across the nation. Parents welcome.	Jan Dickinson, Hilary Moon Murphy
Fri	03:30:00 PM	04:30:00 PM	A3	Arts	Costuming 101: Masquerades and Hall Costumes	So you want to start showcasing, costuming, or cos-playing? Where do you start and when do you kick it up a notch to compete?	Patrick Fisher, Mariah Fryer, Deborah Jones, Rhiannon Jones, Amada Marquez
Fri	03:30:00 PM	04:30:00 PM	A4	Science	Reptiles	Come and look at reptiles up-close and learn about the animals. Sponsored by MISFITS.	Clay Lamkin, Erin Lorenz, Sarah Richard
Fri	03:30:00 PM	04:30:00 PM	A6	Lit	Writing Folklore and Myth From Different Cultures	Asian, Native American, Eastern European, and other non-Western European cultures are often portrayed negatively or inaccurately in speculative fiction. What are the dangers of cultural ignorance in world-building?	Roy C. Booth, Philip Kaveny, Chris Pasquarette, Damian Sheridan, Adam Stemple, Chuck Waibel
Fri	03:30:00 PM	04:30:00 PM	A8	Lit	Care and Feeding of Your Home Library	What are your collecting habits when it comes to books? Do you buy a lot of books or borrow them from the library? What makes you decide to purchase a book? How do you store or display your collection?	Paula Fleming, Jenni Klumpp, Kelly McCullough, Juanita Nesbitt, Lynne Thomas
Fri	03:30:00 PM	04:30:00 PM	Bloom	Movies	Star Wars Prequels: Ten Years On	Where's the love? Have you come over to the Dark Side and embraced the power of the prequels? How have these films aged and do they stand the test of time?	Romeo Azar, Peter Mayhew, Greg Prickman, Video Team, Aaron Vander Giessen, Dan Wallace
Fri	03:30:00 PM	04:30:00 PM	Edina	TV	MST3K: The Local Legacy	Join first-time CONvergence Guest of Honor Trace Beaulieu as he discusses the local origins of MST3K and his involvement as the diabolical Dr. Forrester and original voice of Crow T. Robot, as well as his work behind the scenes on the show.	Trace Beaulieu, ASL Interpreter, Video Team
Fri	03:30:00 PM	04:30:00 PM	Kr	Lit	Odyssey: Sir Arthur C. Clarke, 1917-2008	Let's memorialize the life and work of the author of Childhood's End, Profiles of the Future, 2001: A Space Odyssey, Rendezvous with Rama, and The Fountains of Paradise.	Eric M. Heideman, Paul F. Richards
Fri	03:30:00 PM	04:30:00 PM	LL	Lit	Afternoon Reading with David	Join David Weber for an intimate reading in the Dorian Gray Memorial Literary Lounge.	David Weber
Fri	03:30:00 PM	04:30:00 PM	P1	AV	Vidders' Delight	From its analog start in the mid 1970's to its widespread digital enjoyment today, fans have been 'vidding' for years. Come and learn about the history of fan music video tributes and see some fine examples.	Lori Fischer, Jo Thomsen
Fri	03:30:00 PM	04:30:00 PM	Sign	Auto	Signing w/ Mark & Bernie	Signing/Autographing	Mark Evanier, Bernie Wrightson
Fri	05:00:00 PM	06:00:00 PM	101	Gaming	Steam Century Mystery LARP	The Steam Century Mystery LARP is a multifaceted game that combines elements of live action roleplaying and crime dramas. Players follow a trail of clues by investigating rooms, speaking to costumed characters and playing games of skill. Players sign up at game registration and attend a 30 minute orientation which explains the world of Steam Century and how to interact with props and characters. Game play takes place over a set period of time, but is designed to be played intermittently. Players are encouraged to take part in other con activities during the game. Characters and clues can be found throughout the con. Runs Friday 5 PM - Midnight.	Jack Barker, Shannon Green, Rich Miller
Fri	05:00:00 PM	06:00:00 PM	A2	Gaming	Indie Games	Come and share your finds from independent homebrew and smaller publishers that you've discovered.	Kenneth Hite, Rachel Kronick, Stephen J. Miller
Fri	05:00:00 PM	06:00:00 PM	A3	Arts	Doll Making and Doll Collecting	From porcelain to Asian ball joint dolls, discuss doll building, doll dressing, and doll collecting.	Lori Fischer, Mara Kapp, Mercedes Lackey
Fri	05:00:00 PM	06:00:00 PM	A4	HotDish	Imperfect Heroes	Series like Dexter, House M.D., The Shield, and Monk feature abrasive lead characters. We see this in comics, films, videogames, and novels too. Do we love these characters all the more because of their flaws and imperfections? Can a character become tooout there to like? When do they become anti-heroes?	Michael Beitscher, Erika Kinsman, Marguerite Krause, G. David Nordley, Chris Pasquarette, Bob Wagner
Fri	05:00:00 PM	06:00:00 PM	A6	Lit	Writing Contest Recpeption	Come and meet some of the winners of the MISFITS Annual Writing Contest and learn about how you or your children can participate in the annual contest.	Joel Arnold, Jodie Gustafson, Charlotte Nickerson, Jody Wurl
Fri	05:00:00 PM	06:00:00 PM	A7	Science	How Do You Say That in Klingon?	A panel about translating and an easy introduction to the Warrior's tongue.	Bill Hedrick, Christopher Kidder, Laura Thurston
Fri	05:00:00 PM	06:00:00 PM	A8	Arts	Prop Building	Prop-builder and physical effects artist Christian Colquhoun's projects have included Galaxy Quest, Van Helsing, and Firefly. Come and learn about the art of prop design and construction.	Christian Colquhoun
Fri	05:00:00 PM	06:00:00 PM	Bloom	Movies	July '07 - July '08 Films: Annual Review	The good, the bad, and the ugly are up for discussion in our annual review of science-fiction, fantasy, and horror films from the past 365 days. What worked? What didn't?	Romeo Azar, Melissa Kaercher, Jay Knowles, Jeremy Stomberg
Fri	05:00:00 PM	06:00:00 PM	Edina	TV	Doctor Who by Decade: The Seventies	Covering the 1970's era Dr. Who, this is the second in a series of four panels exploring the rich and varied history of the classic British science-fiction series, focusing on the Pertwee and T. Baker eras.	Ben Ellis, Brian Jonas, Michael Lee, Emily Stewart, Michael Zecca
Fri	05:00:00 PM	06:00:00 PM	Kr	Lit	Twin Cities Speculative Fiction Writers Network Meeting	Come learn about this resource for local aspiring science fiction and fantasy writers.	Michael Merriam
Fri	05:00:00 PM	06:00:00 PM	P1	AV	Art of Soundtracks	What are some of your favorite soundtracks and composers? How does the art of music enhance the movie-going, video game-playing, or TV-watching experience? Which soundtracks detract and distract you from the source material?	Holly Day, Cabell Gathman, Scott Keever, David Margosian, Juanita Nesbitt, Stephan Stomberg
Fri	05:00:00 PM	06:00:00 PM	Sign	Auto	Signing w/ Wally & Greg	Signing/Autographing	Greg Weisman, Wally Wingert
Fri	06:30:00 PM	07:30:00 PM	A2	Gaming	Game Design	Learn about the process of designing games.	Christian Colquhoun, John Kovalic
Fri	06:30:00 PM	07:30:00 PM	A3	Arts	Give those Nymphs Some Hooters: Anniversary Edition	Join us for our annual discussion of the feminine image in sci-fi and fantasy (including the huge breasts in comics, anime, and manga).	Mariah Fryer, Melissa Gregory, Alexandra Howes, Jen Manna, Amada Marquez
Fri	06:30:00 PM	07:30:00 PM	A4	HotDish	Cell vs. Chip	Hand-drawn cell animation vs. computer animation - do you have a preference? Do you care, as long as the final product is done well?	David Margosian, Jennifer Menken, Matt Waterhouse, Greg Weisman
Fri	06:30:00 PM	07:30:00 PM	A6	Lit	Getting Published 101	Looking to get famous and make lots of money writing? How about a more realistic view of the writing and publishing process? We'll cover prepping a work for submission (including cover letters and business writing) to coping with rejection.	Jerrod Balzer, Cynthia Booth, Roy C. Booth, Garnet Gyre, Philip Kaveny, Michael Merriam
Fri	06:30:00 PM	07:30:00 PM	A7	Science	Digital Distribution Debate	Some say the Blu-Ray era will be very short-lived as everyone moves to digital downloads. Is this true? iTunes and physical CDs have co-existed nicely over the past six years - will that model hold true for video media? Do we currently have the telecommunication and storage infrastructure to support 50 GB downloads?	Craig Finseth, Aaron Vander Giessen
Fri	06:30:00 PM	07:30:00 PM	A8	HotDish	Where to Shop?	What type of bookstore do you support and why? Do you go with the local indie store, a chain like B&N, or do you find yourself shopping on Abe Books or Amazon?	Miranda Cole, Taylor Kent, Greg Ketter, Ann Laabs, Laine Worth
Fri	06:30:00 PM	07:30:00 PM	Bloom	Movies	Film Remakes: Exhuming the Past?	Everything old is new again. Why can't Hollywood come up with a new idea? Do new interpretations of classic movies have their own merit?	Michael Beitscher, Todd C. Hansen, S.D. Hintz, Stephan Stomberg, Jason D. Wittman
Fri	06:30:00 PM	07:30:00 PM	Edina	TV	Doctor Who: Series Four	This panel discusses Donna Noble's year aboard the TARDIS and will contain spoilers and speculation around Series Four of Doctor Who and beyond. Also, what can we look forward to during thegap year?	Michael Lee, Steven Manfred, Kelly McCullough, Lynne Thomas, Michael Zecca
Fri	06:30:00 PM	07:30:00 PM	LL	Lit	Joel Arnold Reading	Join Joel Arnold for a reading from one of his works.	Joel Arnold
Fri	06:30:00 PM	07:30:00 PM	P1	AV	Digital Video Production	Learn about the science and computer programs behind a successful production shot on digital video.	Romeo Azar, Tony Bruno, Scott Keever, Troy LaFaye, Robert Meyer Burnett, Rob Withoff
Fri	06:30:00 PM	07:30:00 PM	Sign	Auto	Signing w/Mark & Marv	Signing/Autographing	Mark Evanier, Marv Wolfman
Fri	08:00:00 PM	09:00:00 PM	A2	Gaming	I Can Has Fluidic Beverage?	The history of drinking games, with props. Featuring bar tricks, and rules to some of the geekiest drinking games around. Hotel room not included.	Emily Stewart, Laura Thurston
Fri	08:00:00 PM	09:00:00 PM	A3	Comics	GLBT Comic Characters	Northstar is no longer the only gay in the village. We've got Hulkling, Wiccan, Batwoman, and many others. Discuss your faves and speculate which other characters still need to come out?	Jonathan Palmer, Jason Tucker, Dan Wallace
Fri	08:00:00 PM	09:00:00 PM	A4	HotDish	BeyondWeekend Update	There was a time when SNL'sWeekend Update was our only source for sarcastic takes on news events. Now, we've got fake news in multiple media, including newspaper, blogs - The Onion, Jon Stewart, Steven Colbert, and others. What are your favorites and what makes this sub-genre so appealing to SF&F fans?	Ben Ellis, Terry Faust, Paula Fleming, David E. Romm
Fri	08:00:00 PM	09:00:00 PM	A6	Lit	Philip Pullman - The Anti-Narnia	Discuss theHis Dark Materials trilogy and Lyra's Oxford novella. What are Pullman's plans forThe Book of Dust and other entries in this universe?	David Emerson, Alexandra Howes, Philip Kaveny, Amada Marquez, Heidi Waterhouse
Fri	08:00:00 PM	09:00:00 PM	A8	HotDish	Martial Arts Demonstration	Not all the stunts you see in a martial arts movie are done using computer graphics, blue screen, and wires. Most of the stunts are based on real martial arts applications that require of years of practice to perfect. Come see a martial arts demonstration with Jose Figueroa, owner of Dark Raven Studios	Jose' Figueroa
Fri	08:00:00 PM	09:00:00 PM	Bloom	Movies	Trek on Film	From Robert Wise to J.J. Abrams and Roddenberry to Berman - let's discuss the past and future of the Star Trek cinematic experience.	Romeo Azar, Daren Dochterman, Rob Johnson, Robert Meyer Burnett, Michael Scott Shappe, Joan Marie Verba
Fri	08:00:00 PM	09:00:00 PM	Edina	TV	Heroes: Volume Two	The truncated second season of Heroes divided many fans. What worked and what could have been improved during Heroes' sophomoric effort? What's in store for season three and what have the web-comics added? The Company requests you check your mind control abilities at the door please.	Christa Dickson, Steve Erickson, Erica Schaub
Fri	08:00:00 PM	02:00:00 AM	Kr	HotDish	Tales of the Unanticipated Not-a-Publication Party	Hang out with the staff of and contributors to this 22-year-old fiction antholo-zine, the 29th issue of which will premiere at Diversicon in August. See lots of cool back issues! Party goes until 1 AM.	Eric M. Heideman
Fri	08:00:00 PM	09:00:00 PM	P1	AV	Local Filmmaker Film Clips	Join us in the A/V room for a taste of local productions shot in and around the Twin Cities area.	Britt Aamodt, Tony Bruno, Troy LaFaye, Michael Malver, Rob Withoff
Fri	09:30:00 PM	02:00:00 AM	A2	Arts	Late Night Accoustic Music (Friday)	Space reserved for late night accoustic music collaboration. Noise restrictions until midnight because of other panels.	Becca Leathers
Fri	09:30:00 PM	10:30:00 PM	A3	Comics	Web Comics	What are some of your favorite web-comics? How long have you been reading them? Share your favorites and discover some new ones.	Lori Fischer, Sarah Hertz, Jen Manna, Boris Smelov
Fri	09:30:00 PM	10:30:00 PM	A4	HotDish	Geek Speed Dating	Join in as we put an unique spin on this modern phenomenon. How many three minute dates can you fit into an hour?	Melissa Gregory
Fri	09:30:00 PM	10:30:00 PM	A6	Lit	Managing the Mega-Series	Sometimes other authors work in the sandbox you've created, like David Weber's Honor-verse. How do you oversee and manage such an endeavor?	David Weber
Fri	09:30:00 PM	10:30:00 PM	Bloom	Movies	Dangerous Days: Dystopias	The end is near friends - or at least that's what Hollywood wants you to think. What would you do if you were a character in a film like 28 Days Later or I Am Legend to live long enough to make it to the end credits?	Patrick Allen, Cabell Gathman, Tangee Harrison, Taylor Kent, Jennifer Menken, Matt Merfeld
Fri	09:30:00 PM	10:30:00 PM	Edina	TV	Torchwood	Beyond the government, yada yada yada. Basically, this is an hour long opportunity to squee over Ianto, Captain Jack, and Captain John. Oh and talk about how much an improvement the second series was over the first as well.	Christa Dickson, James Gottfried, Mara Kapp, Charlie Paulsen, Lynne Thomas, Dayna Jean Wolter
Fri	09:30:00 PM	10:30:00 PM	P1	AV	Star Trek Remastered	The original Star Trek series is airing across the country in high-definition with enhanced special effects. Learn about the genesis of this project and what could have been...	Daren Dochterman, Robert Meyer Burnett
Fri	11:00:00 PM	11:59:00 PM	A3	Arts	Sophisticated Sewing	Sewing and tailoring tips from experienced costumers. How to get the effects you want, and make your costumes really stand out.	Bill Hedrick, Deborah Jones, Rhiannon Jones, Gwen Kachelmyer, Rae Lundquist
Fri	11:00:00 PM	11:59:00 PM	A4	HotDish	The Pun-El	We're baaack! Our yearly painful Punnel voyage returns. Be afraid. Be very afraid.	Ed Eastman, Boris Smelov
Fri	11:00:00 PM	11:59:00 PM	A6	Lit	Guilty Pleasures	The long requested return of a CONvergence favorite. Come clean and share your literary guilty pleasures with everyone!	Nessa Fedde, Doug Texter, Heidi Waterhouse, Karl Wolff
Fri	11:00:00 PM	11:59:00 PM	A8	HotDish	How to Take Over the World!	Join some super-villain panelists and learn the proper way to take over the world. We'll explain our plan in detail to you and entertain suggestions (but not if you're a tied-up superhero - we're smarter than that!)	Cynthia Booth, Roy C. Booth, Eve Cain, Amada Marquez, Chris Pasquarette
Fri	11:00:00 PM	11:59:00 PM	Bloom	Movies	Sci-fi Saturdays	Believe it or not, made-for-TV movies like Mansquito are some of the highest rated fare on the network and sell reasonably well on DVD as well. Who’s watching these movies and why? Does it go beyond typical MST3K train-wreck fascination? What are some of your favorite classic B-Movies?	Michael Beitscher, Paul Harmeyer, Alexandra Howes, Taylor Kent, Karen Joan Kohoutek, George Richard
Fri	11:00:00 PM	11:59:00 PM	Edina	TV	Rebirth of the Heroine	While not quite up to the Xena glory days of the late 1990's - has there finally been a feminist resurgence of television heroines as of late with Sarah Connor, the Bionic Woman, and others? Or are we seeing watered-down Ghost Whisperers?	Jen Manna, Charlotte Nickerson, Greg Weisman
Fri	11:00:00 PM	11:59:00 PM	LL	Lit	Friday Night Bedtime Stories with the 'Pods	Escape Pod, Pseudo Pod, and Pod Castle ... three weekly audio casts from the Escape Artists! Come and listen to a bed-time story with some of the latest and greatest of these audio giants of Science Fiction, Horror, and Fantasy! Join us on the 22nd floor in 2201 for back-to-back stories of speculation, fantasy, and fun. Wear your fluffy bunny slippers and bathrobe, if you like ... just come prepared to listen to some really great tales of modern SF!	Dave Rust
Fri	11:00:00 PM	11:59:00 PM	MnStg	MainStg	Soylent Blue	Soylent Blue returns!	Kelvin Hatle, ASL Interpreter, Video Team
Sat	09:30:00 AM	10:30:00 AM	A3	Arts	Drawing with Christopher Jones	Adults and kids alike are welcome to spend an hour with Christopher Jones, either drawing or listening to Chris' stories about his work in comics or creating artwork for CONvergence.	Christopher Jones
Sat	09:30:00 AM	10:30:00 AM	A4	HotDish	Aerobics with Cleo	Join Cleo on Saturday morning for our annual aerobics fitness panel. Bring your workout shoes and dress comfortably. Fun music and a supportive atmosphere supplied, you bring the rest!	Amada Marquez
Sat	09:30:00 AM	10:30:00 AM	A6	Lit	Young Adult Literature	Our popular Saturday Morning panel is back. Share your favorite young adult fantasy series of yesteryear and discuss what's new in Children's Lit in the past year.	Heidi Johnson, Jen Manna, Joan Marquez, Amanda Newman, Catherine Schaff-Stump, Beth Scudder, Electra Vincent
Sat	09:30:00 AM	10:30:00 AM	Edina	TV	Saturday Morning Cartoons Made Me Gay!	Looking back at popular performers from our childhood who were gay (Paul Lynde, Charles Nelson Reilly, Dick Sargent) or who had gay sensibilities (Jonathan Harris, John Ritter) as well as cartoon characters from the era (He-Man, Superfriends, Lidsville, etc) it's clear to see the gay subtext or sensibility. What effect did these characters and icons have on us? Did they help us become who we are?	Joe Agee, Andrew Berthke, Paul Harmeyer, Don Kaiser, Claudia Slovacek, Jason Tucker
Sat	09:30:00 AM	10:30:00 AM	P1	AV	Art of Movie Posters	Movie posters are just as collectible as old film reels (sometimes more so). What are your favorite movie posters and what rarities are you still seeking? Do the movie posters today live up to the golden age of yesteryear?	Romeo Azar, Jay Knowles, Robert Meyer Burnett
Sat	11:00:00 AM	12:00:00 PM	101	Proj	Science!	Join our science guests of honor as they demonstrate some simple and basic science experiments (like a wave machine and miniature volcano) using easy to find household items.	Dr. Jim Kakalios, Bridget Landry
Sat	11:00:00 AM	12:00:00 PM	A2	Gaming	Wii: The Changing Face of Gaming	How has the Wii changed the face of gaming? Has it brought back people who've been away from the home console scene? Is there more to the Wii than news stories about its use in retirement homes?	Dave Benhart, Andrew Davies, Matt Everhart, Shannon Grady, Tim Wick
Sat	11:00:00 AM	12:00:00 PM	A3	Comics	Working in Comics	What is it like working in the comic industry as a livelihood? What's the day to day working grind like?	Terry Beatty, Christopher Jones, Melissa Kaercher
Sat	11:00:00 AM	12:00:00 PM	A4	HotDish	Return of the Clubs!	A long-standing convention tradition, the club fan-faire has returned in a new format. Come and learn about local fan clubs specializing in a variety of genres and public service. There's a club out there for everyone! Come and promote your local fan organization.	Seth Chmelik, Ed Cook, Jodie Gustafson, Gwen Kachelmyer, Neil Monson, John Neitz
Sat	11:00:00 AM	12:00:00 PM	A6	Lit	Living with a Writer	Significant others of writers and artist trade stories and tips about the joys and challenges of living with a creative person.	Cynthia Booth, Jennifer Lynch, Sherry Merriam
Sat	11:00:00 AM	12:00:00 PM	A7	Science	Parrots as Companions	The Parrot Adoption Education Program invites you to see companion birds up close, learn about the animals, and the non-profit organization that is involved in the rehabilitation and fostering of companion parrots.	Gail Hildebrand, Jeff Hildebrand, Renee Quimby
Sat	11:00:00 AM	12:00:00 PM	A8	HotDish	High Level Creativity	Fandom tends to attract those with imaginations. A high level of creativity is prevalent in everything from writing, art and costuming, to designing game campaigns for your friends. Come and discuss these unique traits for both individuals and as a community in general.	Holly Day, Paula Fleming, Laramie Sasseville, Gordon Smuder, Dave Walbridge, Anna Waltz
Sat	11:00:00 AM	12:00:00 PM	Bloom	Movies	Blurring of the Lines	Movies like Sin City, Sky Captain, The Spirit, and Beowulf have blurred the lines between live action and computer-generated animation. What films have benefited from this merging of technology and which stories are ideal for this approach in the future?	Craig Finseth, Jeremy Stomberg, Matt Waterhouse
Sat	11:00:00 AM	12:00:00 PM	Edina	TV	Renaissance of Buffy & Angel	It's time to revisit the epic saga of Buffy and Angel. All 254 episodes of it and how it's continuing thanks to comic books and novels.	Jerrod Balzer, Christa Dickson, Philip Kaveny, Lars Pearson, Michael D. Thomas, Greg Weisman
Sat	11:00:00 AM	12:00:00 PM	Kr	HotDish	Open Discussion 3	Open Discussion	come and join the geek chat!
Sat	11:00:00 AM	12:00:00 PM	LL	Lit	Michael Merriam Reading	Join Michael Merriam for a reading from one of his works.	Michael Merriam
Sat	11:00:00 AM	12:00:00 PM	P1	TV	Shiny New Anime	A guide to the latest and greatest animated efforts hailing from Japan. Come and see what you can look forward to in future releases, get some recommendations, and review what's been released in the past 365 days.	Jessi Silver, Boris Smelov, Jo Thomsen
Sat	11:00:00 AM	12:00:00 PM	Sign	Auto	Signing w/ Len & Bernie	Signing/Autographing	Len Wein, Bernie Wrightson
Sat	12:30:00 PM	01:30:00 PM	101	Proj	Origami	Learn the basics of this beautiful and ancient Japanese art of paper folding.	Angie Anderson
Sat	12:30:00 PM	01:30:00 PM	A2	Gaming	Women and Gaming	Yes we play them! Why don't the game companies realize that they write for an audience that includes women? There's more out there than Cooking Mama and the Imagine series, after all...	Nessa Fedde, Mariah Fryer, Beth Kinderman, Rachel Kronick, Jen Manna, Laine Worth
Sat	12:30:00 PM	01:30:00 PM	A3	Comics	Secret Origins of Swamp Thing	Join the co-creators of Swamp Thing and learn about how the character came about and which direction Len and Bernie would like to see their creation progress.	Len Wein, Bernie Wrightson
Sat	12:30:00 PM	01:30:00 PM	A4	HotDish	Morris Dance Workshop	Learn about this form of English folk dance accompanied by music. It is based on rhythmic stepping and the execution of choreographed figures by a group of dancers.	Don Kaiser
Sat	12:30:00 PM	01:30:00 PM	A6	Lit	The Works of Mercedes Lackey	Join Mercedes Lackey for an hour-long discussion of her body of work to date and her plans for future novels, moderated by David Lenander, a member of The Rivendell Group, a fantasy book discussion group that has met regularly since 1973.	ASL Interpreter, Mercedes Lackey, David Lenander, Video Team
Sat	12:30:00 PM	01:30:00 PM	A7	Science	Not All FTL Drives Are Made the Same	Debate the advantages and disadvantages of various theoretical faster-than-light spaceship drives.	Seth Chmelik, Craig Finseth, G. David Nordley, Pat Sullivan
Sat	12:30:00 PM	01:30:00 PM	A8	HotDish	Evolution of Social Networking	From local bulletin board forums, newsgroups, and IRC to the modern labyrinth of FaceBook and MySpace, how have message boards changed over time? You may be surprised that some of your old haunts aren't as abandoned as you think!	Michael Lee, Greg Prickman, Michael Scott Shappe, Aaron Vander Giessen
Sat	12:30:00 PM	01:30:00 PM	Bloom	Movies	Pixar Panel	Talkies? Is the fad over? How brilliant is Pixar's Wall-E? Is dialogue overrated? Discuss the recent film and how it holds up to Pixar's other releases.	David Margosian, Jennifer Menken, Matt Waterhouse
Sat	12:30:00 PM	01:30:00 PM	Edina	TV	To Boldly Go: The History and Future of Star Trek	Celebrate the rich history of Star Trek as we review what has come before. If you've fallen out of Trek in the last few years, come back and rediscover what you loved about it in the first place.	Daren Dochterman, Kenneth Hite, Bridget Landry, Robert Meyer Burnett, Andrew Probert, Video Team
Sat	12:30:00 PM	01:30:00 PM	Kr	Lit	Writing Business: Cover letters, manuscripts, and rejections	Back to basics. There are books that handle this topic fairly well, but nothing substitutes for experience. Active pros and semi-pros in writing, editing and publishing talk about the dos and don'ts.	Roy C. Booth, Holly Day, Kelly McCullough, Michael Merriam, Adam Stemple, Anna Waltz
Sat	12:30:00 PM	01:30:00 PM	P1	AV	Podcasting	Do you want to learn how to start your own podcast? What are some of the best podcasts out there to learn from? What software and equipment do you need to get started?	Shannon Grady, Taylor Kent, Troy LaFaye, Tim Wilsie
Sat	12:30:00 PM	01:30:00 PM	Sign	Auto	Signing w/ Trace B.	Signing/Autographing	Trace Beaulieu
Sat	02:00:00 PM	03:00:00 PM	101	Proj	Reaper Miniature Demonstration	Join one of Reaper's Black Lightning representatives for apaint and take party. All paints, brushes, and miniatures will be provided.	Erin Warfield
Sat	02:00:00 PM	03:00:00 PM	A3	Arts	Corset-making	Share your successes in corset design and building. What are some pitfalls to avoid?	Dana M. Baird, Eve Cain, Mariah Fryer, Amada Marquez
Sat	02:00:00 PM	03:00:00 PM	A4	HotDish	Puppetry!	From MST3K to the Muppet Show, Farscape to Captain Scarlet, The Dark Crystal to Yoda, there have been a number of series and movies that used puppets as characters. Discuss your favorites and learn about current puppet-related shows.	Trace Beaulieu, Christian Colquhoun, David Margosian, Gordon Smuder
Sat	02:00:00 PM	03:00:00 PM	A6	Comics	Legion of the All-Stars	Join many of our comic book guests of honor in a wide-ranging roundtable discussion of a 'state of the union' of the comics industry.	Mark Evanier, ASL Interpreter, Christopher Jones, Video Team, Dan Wallace, Len Wein, Greg Weisman, Marv Wolfman, Bernie Wrightson
Sat	02:00:00 PM	03:00:00 PM	A7	Science	The Green Panel	Many scientists agree that Global Warming is a real threat to the future of Mankind. Some disagree. What do you think? What about alternatives to oil and other power sources? Where's our personal fusion reactors?	Matthew Lee Davis, Ken Konkol, G. David Nordley, Emily Stewart, Chuck Waibel
Sat	02:00:00 PM	03:00:00 PM	A8	HotDish	Caring For Your Collection	What's the best way to store and display your geek collection? Share ideas, best practices, and things to avoid when it comes to home and apartment display of DVDs, games, comics, artwork, etc.	Melissa Kaercher, Jenni Klumpp, Tim Wick
Sat	02:00:00 PM	03:00:00 PM	Bloom	Movies	Trilogy Limitations: What happened to the franchise?	Shrek the Third, Pirates 3, Spider-Man 3 - what happened to these movie franchises? Why stop at three films? Should they have stopped at one? Are we suffering fromFranchise Fatigue?	Garnet Gyre, Derek Mahr
Sat	02:00:00 PM	03:00:00 PM	Edina	TV	Battlestar Galactica: Legacy	The final season of Battlestar Galactica is upon us. Will the Colonial Fleet find Earth? Who is the final Cylon? Will the Caprica prequel be any good? Whatever the answers, the reimangined BSG series has set the bar so high in terms of acting, story, and effects, that any genre show coming in its footsteps will have awfully big shoes to fill.	Julie Graves, Philip Kaveny, Michael Scott Shappe, Scott Smith, Jason D. Wittman
Sat	02:00:00 PM	03:00:00 PM	Kr	Lit	The Works of David Weber	Com and hear David Weber talk about his work. Discussion sponsored by Second Foundation, a speculative fiction book discussion group that has met regularly since 1983.	Eric M. Heideman, ASL Interpreter, Polly Jo Peterson, Video Team, David Weber
Sat	02:00:00 PM	03:00:00 PM	P1	AV	Wonder Twin Science Powers Activate!	Dr. Jim and Bridget Landry sharing the stage at last, by popular demand! Learn about their ongoing projects and research!	Dr. Jim Kakalios, Bridget Landry
Sat	03:30:00 PM	04:30:00 PM	101	Proj	Scrapbooking	Share scrapbooking techniques and learn the in's and out's of one of the fastest growing hobbies in the United States. There are many creative ways to display your CONvergence photo memories.	Teri Blauer, Geoff Williams
Sat	03:30:00 PM	04:30:00 PM	A2	Gaming	Console Wars II: The Sequel	We're another year into the life-cycles of the X-Box 360, Nintendo Wii, and Playstation 3. Have there been any big surprises over the past year? How will Blu-Ray victory, the Red Ring of Death, direct downloads, and the casual gaming market influence console choice? Is it high-time everyone just goes multi-console and buys all three?	Matt Everhart, Scott Smith
Sat	03:30:00 PM	04:30:00 PM	A3	Comics	Non-Superhero Comic Books	Share some of your favorite comic books that don't involve super heroes or super-powered characters likeY: The Last Man and others.	Terry Beatty, David Emerson, Patrick Fisher, Jonathan Palmer, Lars Pearson, Damian Sheridan
Sat	03:30:00 PM	04:30:00 PM	A4	HotDish	What Does Franchise Continuity Mean to You?	Continuity, or what is canon, is a very personal thing. - Which Buffy Season 8 do you count	the comic version, the novels, or both? - Do you consider animated Trek the last two years of the 5-year mission?- - Where do Doctor Who audios fit in? - What about the Babylon 5 comic books or Star Wars video games? Or does it even matter at all? - Remember - no one isright orwrong - come and share some of your more inventive and interesting canon theories in this respectful round-table discussion.
Sat	03:30:00 PM	04:30:00 PM	A6	Lit	Influence of Classic Lit	How does classic literature tie into and influence speculative fiction?	Matthew Lee Davis, Ann Laabs, Doug Texter, Heidi Waterhouse, Karl Wolff
Sat	03:30:00 PM	04:30:00 PM	A7	Science	Engineering Hollywood Robots	When trying to build a famous robot like Robbie, what can actually be achieved, what's infeasable, and what can be improved upon? Sponsored by the Twin Cities Robotics Club.	Richard Caylor, Christian Colquhoun, William Crolley, Terry Faust, Bill McTeer, Bob Odegard, Michael Walsh
Sat	03:30:00 PM	04:30:00 PM	A8	Proj	Fun Tai Chi Games for All Ages	This workshop teaches the basics of tai chi through a series of simple games. Each of these games are cooperative in nature, and leads to the true essence of taiji which is to become one with your partner. This workshop also demonstrates how to adapt each game to everyone's ability. Bring your sense of humor and be be prepared to have a blast!!	Jose' Figueroa
Sat	03:30:00 PM	04:30:00 PM	Bloom	Movies	Kingdom of the Crystal Skull	The man in the hat is back. Was the latest Indiana Jones Adventure everything we were hoping or did Spielberg pull a Lucas on us? Dust off your bullwhip and discuss any Indy topics that strike your fancy!	Romeo Azar, Mike Helde, Troy LaFaye, Dan Wallace, Tim Wick
Sat	03:30:00 PM	04:30:00 PM	Edina	TV	Reimagining of TV Shows	It seems like the movie-remake craze of the past several years has filtered down to our television sets. What makes a remake successful? When should a show be rebooted (BSG) vs. making it a continuation (Trek: Next Gen, Doctor Who)?	Derek Mahr, Joan Marie Verba
Sat	03:30:00 PM	04:30:00 PM	Kr	Science	Where Should We Go in Space?	Should we emphasize human or robotic expeditions? How should we replace the shuttle? Should we expand on the space station? Should we go back to the Moon and build a permanent outpost? Should we make a human expedition to Mars? Should we search Europa's ocean for life? And? Or?	Paul F. Richards
Sat	03:30:00 PM	04:30:00 PM	LL	Lit	Broad Universe Rapidfire Reading	This is a fiction reading by members of Broad Universe, an organization which promotes the work of women SF&F writers.	Catherine Lundoff, Sharon K. Richards, Ruth Souther, Kathryn Sullivan
Sat	03:30:00 PM	04:30:00 PM	P1	AV	Science of Effects	Just how much does science factor into set and effects designs? Is there a point where science is thrown out to achieve the 'cool' factor?	Crist Ballas, Daren Dochterman, Andrew Probert, Vincent Truitner
Sat	03:30:00 PM	04:30:00 PM	Sign	Auto	Signing w/Peter & John	Signing/Autographing	John Kovalic, Peter Mayhew
Sat	05:00:00 PM	06:00:00 PM	101	Proj	Caped Wonder!	Create your own superhero! First, think of what your superhero's powers and training are. Then create a name for your character. Finally, design a symbol, make a cape, and even a mask.	Rachael Salisbury
Sat	05:00:00 PM	06:00:00 PM	A2	Gaming	Kovalic!	Spend an hour with John Kovalic, a game designer and illustrator. Maybe you'll even learn the secret history of Apples to Apples.	John Kovalic, Video Team
Sat	05:00:00 PM	06:00:00 PM	A3	Comics	CLAMP	A discussion of the works of Japan's premiere women's comic book/manga collective.	Melissa Gregory, Catherine Lundoff, Rebecca Marjesdatter
Sat	05:00:00 PM	06:00:00 PM	A4	Science	Raptor Center	Come and look at birds of prey up-close and learn about the animals. Sponsored by MISFITS.	Amber Burnett, Larry Dixon, Mercedes Lackey, Erin Lorenz, Sharon Steitler
Sat	05:00:00 PM	06:00:00 PM	A6	Lit	The Good, the Bad, and the *SHUSH*!	How accurately have librarians been portrayed in books, comics, television, and movies? Meet some real-life librarians and get their take on popular culture's interpretation of their livelihood.	Jenni Klumpp, Kevin McIntyre, Greg Prickman, Lynne Thomas, Jody Wurl
Sat	05:00:00 PM	06:00:00 PM	A7	Science	Moonshot in '69: Wha' Happened?	Feel like interest in manned space exploration has taken one giant leap backwards since the 1960's? What can be done to get the public excited for space exploration? Do we need an imminent natural disaster calling for planetary evacuation to get butts moving? Or just another Cold War?	Ben Huset, Bridget Landry, G. David Nordley, Chuck Waibel
Sat	05:00:00 PM	06:00:00 PM	A8	HotDish	Here Be Dragons...	Dragons exist in many mythologies and cultures the world over. Come and learn about the different myths and legends surrounding these creatures.	Kenneth Hite, Philip Kaveny, Jason D. Wittman
Sat	05:00:00 PM	06:00:00 PM	Bloom	Movies	Spoiler Alert: The Rumor Mill	Let's roll up the sleeves, get our hands dirty, and dish the dirt on upcoming features. If you don't like spoilers and speculation then now would be a good time to head to the project room.	Romeo Azar, Derek Mahr
Sat	05:00:00 PM	06:00:00 PM	Edina	TV	Doctor Who by Decade: The Eighties	Covering the 1980's era Dr. Who, this is the third in a series of four panels exploring the rich and varied history of the classic British science-fiction series, focusing on the Davison, C. Baker, and McCoy eras. It probably would have been easier to say the JNT era, huh?	Michael Lee, Charlie Paulsen, Lars Pearson, Michael Scott Shappe, Michael D. Thomas
Sat	05:00:00 PM	06:00:00 PM	Kr	Lit	SF Writing Groups: The 2008 Scene	This annual gathering allows representatives of writing groups specializing in science fiction and fantasy to report on how their groups function, and gives groups that are looking for new members a chance to connect with individuals who are interested in joining an SF writing group, and/or gives individuals a chance to put their heads together and start a new writing group. Sponsored at a local con since 1986 (formerly Minicon, now CONvergence) by the Minnesota Imaginative Fiction Writers' Alliance.	Eric M. Heideman
Sat	05:00:00 PM	06:00:00 PM	P1	AV	Ten Years with Connie: The Art of CONvergence	Connie creator Christopher Jones shares some highlights of 10 years of CONvergence artwork, and talks about the creation of Connie, Professor Maxwell Misfittle, and other CONvergence artwork and characters.	Christopher Jones
Sat	05:00:00 PM	06:00:00 PM	Sign	Auto	Signing w/David	Signing/Autographing	David Weber
Sat	06:30:00 PM	09:00:00 PM	Bloom	HotDish	Sci-Fi Summit: The Mega-Panel	We've got a panel so broad, so deep, and so miscellaneous in focus, we've had to give it not one, but two time slots. Join us for an extended mega-panel that covers sci-fi and fantasy trends in the past ten years in books, movies, and television.	Romeo Azar, Christa Dickson, Ben Ellis, Lars Pearson, Dan Wallace
Sat	07:00:00 PM	09:00:00 PM	MnStg	MainStg	Masqurade	Our annual masqurade.	
Sat	08:00:00 PM	02:00:00 AM	Kr	HotDish	A Party for Readers and Viewers: The Silver Edition	Sponsored by Second Foundation, a Twin Cities speculative fiction book-discussion group - whose members are also film buffs - that has met regularly since 1/29/1983. Goes from 8 PM until 2 AM.	Eric M. Heideman
Sat	09:00:00 PM	11:30:00 PM	A4	Arts	Art Auction	Our Annual Art Auction.	Larry Dixon, Melissa Kaercher, Charles Piehl
Sat	09:30:00 PM	10:30:00 PM	101	Gaming	Matrix Tag (14 and Up)	Join the Revolution…or fight it. Do you have what it takes to help Neo win the war for Zion ? Or will you support Agent Smith in his quest to subjugate the humans? In Matrix Tag, two teams vie for power over the fate of the human race. Players choose the roles of Agent Smith, Neo, Morpheus, Trinity, Agent and Zionist. Any number of people can play, joining in and leaving at any time. Players are free to attend other programming during the Convention, as they seek out Agents and Zionists and gain strength for their team.	Jack Barker, Shannon Green, Rich Miller
Sat	09:30:00 PM	02:00:00 AM	A2	Arts	Late Night Accoustic Music (Saturday)	Space reserved for late night accoustic music collaboration. Noise restrictions until midnight because of other panels.	Becca Leathers
Sat	09:30:00 PM	10:30:00 PM	A3	Comics	Previously... in the Whedon-verse	Buffy, Angel, and Firefly have gotten a new lease on life in a comic book medium. Come and discuss the recent Firefly mini-series, Buffy Season Eight, and Angel Season Six.	Dave Benhart, Mark Goldberg, Charlotte Nickerson
Sat	09:30:00 PM	10:30:00 PM	A6	Lit	Speculative Fiction and Sexuality	How does Speculative Fiction approach sex and sexuality? Should there be more examples of different kinds of sexuality identity and orientation than what we're given in speculative literature? What are some good examples of books that have done it right?	Bob Alberti, Eve Cain, Cabell Gathman, Hilary Moon Murphy, Damian Sheridan, Doug Texter, Karl Wolff
Sat	09:30:00 PM	10:30:00 PM	A7	Science	Biology of Aliens	A semi-serious take on the biology of aliens. How might they function? What would their organs be like and would they be carbon-based life forms?	Craig Finseth, Lori Fischer, Hank Lederer, G. David Nordley
Sat	09:30:00 PM	10:30:00 PM	A8	Arts	Overuse of Iconic Sci-Fi and Fantasy Imagery?	Just how many prints of unicorns, fairies, and dragons do we need? What are some underused imagery you'd like to see drawings or paintings of instead?	Chris Pasquarette, Laramie Sasseville
Sat	09:30:00 PM	10:30:00 PM	Bloom	Movies	Comics as Movies	Discuss the recent slate of summer comic book movies including Iron Man, Incredible Hulk, The Dark Knight, and others. How successful were they (or do you think they will be) and what did they get right/wrong compared to the source material? How willThe Marvel Masterpan turn out over the next few years?	Britt Aamodt, Terry Beatty, David Emerson, Taylor Kent, Jonathan Palmer, Dan Wallace, Greg Weisman
Sat	09:30:00 PM	10:30:00 PM	Edina	TV	Pushing Daisies	Bring a piece of pie and curl up on a chair as we discuss what is quite possibly one of the most interesting new series of the past decade. Just don't accidentally touch your neighbor!	Dana M. Baird, Jenni Klumpp
Sat	11:00:00 PM	11:59:00 PM	A3	Comics	Comics for Mature Audiences	There are numerous comics aimed at a more adult audience that deal with mature themes of violence and sexuality. What are some of the best in this genre? Which publishers have been neglecting their mature lines?	Eve Cain, Hank Luttrell, Jennifer Menken, Damian Sheridan, Greg Weisman
Sat	11:00:00 PM	11:59:00 PM	A6	Lit	Urban Fantasy	The borders of faerie have moved from pastoral England to modern cities. What is the appeal of urban fantasy? Who writes the best stuff?	Kenneth Hite, Kelly McCullough, Michael Merriam, Juanita Nesbitt, Adam Stemple, Jody Wurl
Sat	11:00:00 PM	11:59:00 PM	Edina	TV	Cool Britannia	Doctor Who isn't the only British import worth checking out. There has been a resurgence of sci-fi in the UK recently. Come learn about other series worth your while, like Primeval, Life on Mars, Hyperdrive, Jekyll, and many others.	Ben Ellis, Brian Jonas, Michael Lee, Michael Zecca
Sat	11:00:00 PM	11:59:00 PM	LL	Lit	Saturday Night Bedtime Stories with the 'Pods	Escape Pod, Pseudo Pod, and Pod Castle ... three weekly audio casts from the Escape Artists! Come and listen to a bed-time story with some of the latest and greatest of these audio giants of Science Fiction, Horror, and Fantasy! Join us on the 22nd floor in 2201 for back-to-back stories of speculation, fantasy, and fun. Wear your fluffy bunny slippers and bathrobe, if you like ... just come prepared to listen to some really great tales of modern SF!	Dave Rust
Sat	11:00:00 PM	11:59:00 PM	P1	AV	Killer B's Improv Movie Show	Returning for its second year, the Killer B's Improv Movie Show will give new life to those crappy B-movies of yesteryear. In front of your eyes, our team of experts will create brand-new dialogue (and a whole new Theremin score!) for some of the worst film clips ever placed on celluloid. The catch? They've never seen the movies before! It's a movie and live improv comedy at the same time.	Jerry Belich, Kelvin Hatle, Melissa Kaercher, Scott Keever, Joe Scrimshaw, Tim Uren, Wally Wingert
Sun	09:30:00 AM	10:30:00 AM	101	Proj	Storytime	Caryn's annual storytime featuring reading aloud, coloring books, and surprises!	Caryn Lengkeek
Sun	09:30:00 AM	10:30:00 AM	A2	Gaming	Game Mastering	Being a successful game or dungeon-master doesn't necessarily come easy. What does it truly take to run a successful and memorable campaign? What happens when you've thought of ten ways to solve a problem and your players pick number eleven? How can you go about leaving your players satisfied and wanting more?	Bob Alberti, Kenneth Hite, Rob Johnson, Rachel Kronick
Sun	09:30:00 AM	10:30:00 AM	A3	Arts	Crafty Geek Meet Up	Knit, sew, scrapbook, bead, or just sit and chat about your favorite projects. Learn a little about the local MISFITS crafty club while you're at it!	Wendy Bock, Jodie Gustafson
Sun	09:30:00 AM	10:30:00 AM	A4	HotDish	Kenpo Martial Arts	Join us on Sunday morning for a fitness panel structured around Ed Parker's Kenpo System (a martial arts discipline). Sweat a bit, learn a little self-defense, and see some cool martial arts stuff inspired from movies.	John Shea
Sun	09:30:00 AM	10:30:00 AM	A6	Lit	Hogwarts Graduation!	The seventh (and as of this writing) final novel in the Harry Potter saga has been out for about a year, but there is still plenty to talk about!	Ryan Frank, Mara Kapp, Amanda Newman, Chris Stenzel, Geoff Williams, Gina Williams
Sun	09:30:00 AM	10:30:00 AM	A7	Science	Yes Virginia, There Are Still Radio Hams!	Ham-radio has been around for many years. Some might even call it a precursor to the internet chat-room. What's the status of ham-radio in America and if you are interested in pursuing this hobby, how do you get started?	Jay Curry, Ed Eastman, Ben Huset
Sun	09:30:00 AM	10:30:00 AM	Bloom	Movies	In Through the Out Door: A History of Special Effects	From the beginnings in films like King Kong and Metropolis to modern-day blockbusters, special effects have enhanced the movie-going experience. Join us on this fantastical voyage.	Romeo Azar, Crist Ballas, Christian Colquhoun, Mark Goldberg, Gordon Smuder
Sun	09:30:00 AM	10:30:00 AM	Edina	TV	Sarah Jane Adventures	It may be the least talked about/acknowledged of the current run of Doctor Who spin-offs, but it's definitely worth discussion. Is The Sarah Jane Adventures far better than it has any right to be?	Rob Callahan, Heidi Johnson, Steven Manfred, Lynne Thomas, Michael D. Thomas
Sun	11:00:00 AM	12:00:00 PM	A2	Gaming	Local Gaming	How does one go about finding a local group of geeks to game with on a regular basis? Come learn about the MISFITS of Gaming club and other groups in the area.	Rachel Kronick, Dave Rust
Sun	11:00:00 AM	12:00:00 PM	A3	Comics	Comics Through Their Ages	What defines the Golden Age of Comics? What about the Silver Age? What age are we in now? Perhaps the lines between the ages are a little more blurred than you think...	Roy C. Booth, Mark Evanier, Jonathan Palmer, Dan Wallace, Bernie Wrightson
Sun	11:00:00 AM	12:00:00 PM	A4	HotDish	Anime: An Industry on the Brink	With the fall of Geneon and proliferation of fan-subs, the future of Anime as a viable commercial medium may be jeopardy. What steps must the industry take to remain successful? How can loyal Otaku do their part to keep Anime alive and well?	Scott K. Jamison, Brian Jonas, Jo Thomsen, Matt Weinberg
Sun	11:00:00 AM	12:00:00 PM	A6	Lit	Sci-Fi and Fantasy Essentials	Let's see if we can come up with a top ten list formust-read sci-fi books and another top ten list for fantasy novels. What are the Foundations to become a literate sci-fi geek?	Bob Alberti, Windy Bowlsby, Rob Johnson, Adam Stemple, Jody Wurl
Sun	11:00:00 AM	12:00:00 PM	A7	Science	Current State of A.I.	How far off is SkyNet? Do we need to start worrying about the Internets taking over? What are some positive advances in artificial intelligence development?	William Crolley, Aaron Vander Giessen
Sun	11:00:00 AM	12:00:00 PM	Bloom	Movies	Bollywood Sci-fi	What's coming out of India that has a distinct sci-fi or fantasy flavor?	Kenneth Hite
Sun	11:00:00 AM	12:00:00 PM	Edina	TV	I Miss You Cupcake!	Do you miss Invader Zim? Does your love of Gir know no bounds? Bask in the bacon-covered love of this series cancelled before its time.	Lori Fischer, Marie Hulslander, Tracie Peters, Michael Scott Shappe
Sun	11:00:00 AM	12:00:00 PM	Kr	Movies	Chick Flicks: A Confessional	Two (or more) men, typically identified as fans of John Wayne and Bruce Lee, admit to their favorite movies and performers among so-calledwomen's pictures: screwball/romantic comedies, musicals, suspense, soap operas: Bette Davis, Joan Crawford, Lana Turner, Elizabeth Taylor, Meg Ryan, Julia Roberts, etc.	David Christenson, Eric M. Heideman
Sun	11:00:00 AM	12:00:00 PM	LL	Lit	Kelly McCullough Reading	Join Kelly McCullough for a reading from one of his works.	Kelly McCullough
Sun	11:00:00 AM	12:00:00 PM	P1	Arts	Iron Artist	Come watch as our very own Iron Artists battle to bring life to the Secret Ingredient. They will be given a scene and an hour in which to bring life to their creation, engaging in a frenzied battle to win the people's acclaim forever. Who's art scene will reign supreme?	Louis Frank, Kelvin Hatle, Eryn Hildebrand, ASL Interpreter, Christopher Jones, Melissa Kaercher, Perrin Klumpp, John Kovalic, Jennifer Menken, Amanda Shuckman, Gordon Smuder, Video Team, Matt Waterhouse
Sun	11:00:00 AM	12:00:00 PM	Sign	Auto	Signing w/Andrew & David	Signing/Autographing	Andrew Probert, David Weber
Sun	12:30:00 PM	01:30:00 PM	A2	Gaming	Thrown a Controller or Manual Across the Room Lately?	What's happened to your favorite game series, franchise, or genre? Has it gotten to the point where you don't even want to pick up a D20 or controller anymore? Are there series that have constantly improved over time?	Shawn Brandvold, Sarah Hertz, Stephan Stomberg
Sun	12:30:00 PM	01:30:00 PM	A3	Comics	Material Adaptation	What's the writing process like for adapting material from one medium (like a movie script) to another (like a novel). What about using licensed characters that someone else created?	Roy C. Booth, S.D. Hintz, Vincent Truitner, Greg Weisman, Marv Wolfman
Sun	12:30:00 PM	01:30:00 PM	A4	HotDish	Are Social Subcultures in Fandom Still Relevant?	Fandom has always had it's subcultures, but does fandom really represent the multiculturalism we pride ourselves on? Is the 'melting pot' metaphor applicable to fandom? Has tolerance and understanding of minorities truly migrated to fandom? If so, are social subcultures like feminist, gay, disabled, and other minority fandom cultures still relevant? New ideas and technologies have migrated from SF into society, but are minorities truly represented inmain-stream SF&F?	Joe Agee, Andrew Berthke, Don Kaiser, Rachel Kronick, Jen Manna, Claudia Slovacek
Sun	12:30:00 PM	01:30:00 PM	A6	Lit	Subverting Tropes	Discuss the basic tropes of SF/F/H and how to subvert, twisted, and otherwise stand them on their ear.	Rob Callahan, Damian Sheridan, Adam Stemple, Karl Wolff
Sun	12:30:00 PM	01:30:00 PM	A7	Science	Weaponry of Star Trek	From assault phasers to quantum torpedoes, disrupters to anti-matter charges, discuss the many weapons and defenses of Star Trek and determine their real-world feasibility.	Michael Beitscher, Seth Chmelik, Dr. Jim Kakalios, George Richard
Sun	12:30:00 PM	01:30:00 PM	Bloom	Movies	Star Wars with Peter Mayhew	Join us for an informative Q&A with Peter Mayhew.	Peter Mayhew, Video Team
Sun	12:30:00 PM	01:30:00 PM	Edina	TV	The Venture Bros.	How can one single animated series be so awesome? Discuss before the Monarch brings furious anger down upon you! Maybe we'll even figure out all the hidden secrets of Dr. Girlfriend while we're at it.	Chris Pasquarette, Michael D. Thomas
Sun	12:30:00 PM	01:30:00 PM	Kr	Comics	Gold Knight: The Lives of Iron Man	Since getting hit by shrapnel in Viet Nam in 1962, billionaire industrialist-inventor Anthony Stark has built innumerable suits of Iron Man armor, helped found the Avengers, palled around with a Thunder God, dated every Marvel woman except May Parker, struggled with alcoholism, been possessed by Kang the Conqueror, died about three times, been replaced in the suit by best friend Rhodey and an alternate universe teen version of himself, replaced Rummy as Secretary of Defense, lead the winning side in Marvel's super hero Civil War, and now serves as Director of Shield. Something about Tony Stark makes him continue to fascinate through brilliant story arcs and ludicrous ones. Let's talk about who, what, where, when, and why.	Eric M. Heideman, Jonathan Palmer
Sun	12:30:00 PM	01:30:00 PM	LL	Lit	Geeks Read Panel	Join the MISFITS club Geeks Read for our monthly book discussion. Learn about this fun sci-fi/fantasy book club and how you can join and get involved.	Jodie Gustafson, Alicia Lemunion
Sun	12:30:00 PM	01:30:00 PM	Sign	Auto	Signing w/ Larry & Mercedes	Signing/autographing	Larry Dixon, Mercedes Lackey
Sun	02:00:00 PM	03:00:00 PM	A2	Gaming	Everything Old is New Again	Nintendo's Virtual Console service, Playstation Network, Xbox Live, and other emulators have created a great interest in retro video games. What are your favorites and how do you take your retro-interest to the next level with constructing MAME consoles?	Nessa Fedde, Jesse Richardson, Tim Wilsie
Sun	02:00:00 PM	03:00:00 PM	A3	Comics	Women and Comic Books	Yes we read them! Why don't the comic companies realize that they write for an audience that includes women? Come discuss your favorite comics, characters, and creators and what needs to be done in the industry to help execs realize the market niche they're missing.	Cynthia Booth, Alexandra Howes, Melissa Kaercher
Sun	02:00:00 PM	03:00:00 PM	A4	HotDish	At-Con Post Mortem	So, how did you like year ten of the con? Tell the folks in charge - the good, the bad, and the ugly. (Hopefully it's mostly good!) Come and meet the new Events Division director as well!	Windy Bowlsby, Christopher Jones, Perrin Klumpp, Michael Lee, Jeremy Stomberg, Pat Wick, Tim Wick, Ishmael Williams
Sun	02:00:00 PM	03:00:00 PM	A6	Lit	Books You've Thrown Across the Room!	The title says it all. What has made you chuck a book across a room? Watch out for flying literature!	Mariah Fryer, Jenni Klumpp
Sun	02:00:00 PM	03:00:00 PM	A7	Science	Mythbusting!	Mythbusters has a hardcore geek/science audience. From their movie-themed James Bond and Superhero specials to busting urban myths, what do you like about the show and what are some myths you'd like them to take a crack at?	Romeo Azar, Jay Curry
Sun	02:00:00 PM	03:00:00 PM	Edina	TV	Doctor Who by Decade: The Nineties	Covering the 1990's era Dr. Who, this is the fourth in a series of four panels exploring the rich and varied history of the classic British science-fiction series, focusing on the expanded universe (audios, books, comics) and the 1996 McGann TV Movie.	Heidi Johnson, Lars Pearson, Michael D. Thomas
Sun	02:00:00 PM	03:00:00 PM	Kr	Lit	Specters, Shades and Ectoplasm	The ghost story is a classic tale that never seems to die out. What's the nature of the appeal of a good spooky tale about the restless dead? What do hauntings say about us? Let's talk about the good, the bad and the ugly portrayals of ghosts in genre fiction.	Jerrod Balzer, S.D. Hintz, Kenneth Hite, Catherine Lundoff
Sun	02:00:00 PM	03:00:00 PM	LL	Lit	Karl Wolff Reading	Join Karl Wolff for a reading from one of his works.	Karl Wolff
Sun	02:00:00 PM	03:00:00 PM	Sign	Auto	Signing w/Dr. Jim & Greg	Signing/Autographing	Dr. Jim Kakalios, Greg Weisman
Sun	03:30:00 PM	04:30:00 PM	A2	Gaming	Are You Ready to Rock?	Rhythm-based games like Guitar Hero, Rock Band, Elite Beat Agents, and others have become very popular in the last few years. Is there still room for classics like DDR? Where do you see this trend going in the future and is there any crossover with wanting to learn real-life instruments?	Matt Everhart, Mariah Fryer, Clay Lamkin
Sun	03:30:00 PM	04:30:00 PM	A3	Comics	DC and Marvel Updates	Been away from comics for a while? Come and find out what's been going on in the DC and Marvel universes. How are your favorite characters faring? The first half of the hour is devoted to DC and the second half to Marvel.	Michael Lee, Jonathan Palmer, Dan Wallace
Sun	03:30:00 PM	04:30:00 PM	A4	HotDish	Making TheYear-Round Convention a Reality	The parent organization behind CONvergence also runs many other events and clubs year-round under the banner of MISFITS, including Trivia Contests, Scavenger Hunts, and Geek Proms. The fun doesn't have to stop on Sunday, you know!	Dave Benhart, Jodie Gustafson, Elliott James, Thomas Keeley, Peter Verrant
Sun	03:30:00 PM	04:30:00 PM	A6	Lit	Meet a Librarian!	We've managed to round up a few librarians to answer your questions about the profession. What's the day-to-day grind like? If you are interested in becoming a librarian or just learning about the occupation, this panel is for you!	Jenni Klumpp, Rebecca Marjesdatter, Kevin McIntyre, Hilary Moon Murphy, Greg Prickman, Lynne Thomas
Sun	03:30:00 PM	04:30:00 PM	A7	Science	Ultimate Home Theatre	Want to start investing in and constructing a future-proof home entertainment center? What equipment is a must, what will be outdated shortly, and what can't you live without? If you want to learn to tell your 1080P's from your Progressive Scans, this is the place to start.	Hank Lederer, Drew Youngdahl
Sun	03:30:00 PM	04:30:00 PM	Edina	TV	TV Shows on DVD: Season Seven	Join us for our annual review of the best and worst of TV Shows on Shiny Disc. We're now in our seventh year (on the 'air' as long as Next Gen and DS9, whoo!) Will our panel become 'TV Shows on Blu-Ray' next year? Signs point to yes!	David Margosian, Matt Savelkoul, Wally Wingert
Sun	03:30:00 PM	04:30:00 PM	Kr	HotDish	Lizards, Reptiles, and Amphibians in Fact, Folklore, Fiction, and Film	We continue our series of Bio-Horror panels about scary critters (previously we've surveyed bats, bees & wasps, apes, ants, and spiders). This time we'll consider both little criters such as frogs and toads as well as big critters both real (T-Rex) and surreal (Gojirah!)	Eric M. Heideman, Melissa Kaercher
Sun	03:30:00 PM	04:30:00 PM	Sign	Auto	Signing w/ Marv, Bernie, & Len	Signing/Autographing	Len Wein, Marv Wolfman, Bernie Wrightson
Sun	05:00:00 PM	06:00:00 PM	MnStg	MainStg	Closing Ceremonies	Closing Ceremonies	Trace Beaulieu, Windy Bowlsby, Christian Colquhoun, Larry Dixon, Daren Dochterman, Mark Evanier, Kenneth Hite, ASL Interpreter, Christopher Jones, Dr. Jim Kakalios, Perrin Klumpp, Harry Knowles, Jay Knowles, John Kovalic, Mercedes Lackey, Bridget Landry, Michael Lee, Peter Mayhew, Robert Meyer Burnett, Andrew Probert, Jeremy Stomberg, Video Team, Vincent Truitner, David Weber, Len Wein, Greg Weisman, Pat Wick, Tim Wick, Ishmael Williams, Wally Wingert, Marv Wolfman, Bernie Wrightson
Sun	07:30:00 PM	01:30:00 AM	Kr	HotDish	Diversicon Party	Hang out with some volunteers for this multicultural, multimedia speculative fiction convention, the 16th edition of which will be held August 1-3 in the Holiday Inn Metrodome. Party goes from 7:30 pm until 1:30 am.	Eric M. Heideman
Mon	12:00:00 AM	01:00:00 AM	MnStg	MainStg	Michael Sheard Five Day Memorial Panel	To end our convention we remember and celebrate the lives of all of our friends who have left us over the last ten years. And yes, the timing of this panel makes the con officially 5 DAYS!	Anton Petersen, Video Team, Tim Wick
